{
  "LLM4Decompile_outputResult": {
    "O0": {
      "re_com_rate": 0.926829268292683,
      "re_exe_rate": 0.676829268292683,
      "pass_rate_mean": 0.7284377631176414
    },
    "O1": {
      "re_com_rate": 0.8536585365853658,
      "re_exe_rate": 0.4146341463414634,
      "pass_rate_mean": 0.5374538808075393
    },
    "O2": {
      "re_com_rate": 0.8719512195121951,
      "re_exe_rate": 0.40853658536585363,
      "pass_rate_mean": 0.5387767043254846
    },
    "O3": {
      "re_com_rate": 0.8658536585365854,
      "re_exe_rate": 0.36585365853658536,
      "pass_rate_mean": 0.510492945401482
    }
  },
  "Hex-Rays_outputResult": {
    "O0": {
      "re_com_rate": 0.2682926829268293,
      "re_exe_rate": 0.25,
      "pass_rate_mean": 0.26097560975609757
    },
    "O1": {
      "re_com_rate": 0.3231707317073171,
      "re_exe_rate": 0.2926829268292683,
      "pass_rate_mean": 0.3067073170731707
    },
    "O2": {
      "re_com_rate": 0.3170731707317073,
      "re_exe_rate": 0.2804878048780488,
      "pass_rate_mean": 0.2945121951219512
    },
    "O3": {
      "re_com_rate": 0.2926829268292683,
      "re_exe_rate": 0.25609756097560976,
      "pass_rate_mean": 0.27012195121951216
    }
  },
  "nova_6.7b_tem_0_top_p_0_95_outputResult": {
    "O0": {
      "re_com_rate": 0.8841463414634146,
      "re_exe_rate": 0.4878048780487805,
      "pass_rate_mean": 0.5760266072003878
    },
    "O1": {
      "re_com_rate": 0.8780487804878049,
      "re_exe_rate": 0.32926829268292684,
      "pass_rate_mean": 0.46595012710866385
    },
    "O2": {
      "re_com_rate": 0.8536585365853658,
      "re_exe_rate": 0.31097560975609756,
      "pass_rate_mean": 0.42327871057412136
    },
    "O3": {
      "re_com_rate": 0.8292682926829268,
      "re_exe_rate": 0.29878048780487804,
      "pass_rate_mean": 0.4035587032778946
    }
  },
  "deepseek_V3_outputResult": {
    "O0": {
      "re_com_rate": 0.9329268292682927,
      "re_exe_rate": 0.6036585365853658,
      "pass_rate_mean": 0.6847692212936116
    },
    "O1": {
      "re_com_rate": 0.8414634146341463,
      "re_exe_rate": 0.3170731707317073,
      "pass_rate_mean": 0.45931652189274147
    },
    "O2": {
      "re_com_rate": 0.8597560975609756,
      "re_exe_rate": 0.35365853658536583,
      "pass_rate_mean": 0.4687878347939324
    },
    "O3": {
      "re_com_rate": 0.8414634146341463,
      "re_exe_rate": 0.3048780487804878,
      "pass_rate_mean": 0.4515157437413536
    }
  },
  "Ghidra_outputResult": {
    "O0": {
      "re_com_rate": 0.5060975609756098,
      "re_exe_rate": 0.27439024390243905,
      "pass_rate_mean": 0.27439024390243905
    },
    "O1": {
      "re_com_rate": 0.5182926829268293,
      "re_exe_rate": 0.2865853658536585,
      "pass_rate_mean": 0.2902439024390244
    },
    "O2": {
      "re_com_rate": 0.49390243902439024,
      "re_exe_rate": 0.2865853658536585,
      "pass_rate_mean": 0.2902439024390244
    },
    "O3": {
      "re_com_rate": 0.40853658536585363,
      "re_exe_rate": 0.21951219512195122,
      "pass_rate_mean": 0.21951219512195122
    }
  },
  "SALT_outputResult": {
    "O0": {
      "re_com_rate": 0.9817073170731707,
      "re_exe_rate": 0.8048780487804879,
      "pass_rate_mean": 0.8522763483129336
    },
    "O1": {
      "re_com_rate": 0.975609756097561,
      "re_exe_rate": 0.524390243902439,
      "pass_rate_mean": 0.6731407481407481
    },
    "O2": {
      "re_com_rate": 0.9695121951219512,
      "re_exe_rate": 0.5365853658536586,
      "pass_rate_mean": 0.6782242401907038
    },
    "O3": {
      "re_com_rate": 0.9451219512195121,
      "re_exe_rate": 0.4817073170731707,
      "pass_rate_mean": 0.6136369981644373
    }
  },
  "GPT_4o_outputResult": {
    "O0": {
      "re_com_rate": 0.7987804878048781,
      "re_exe_rate": 0.25609756097560976,
      "pass_rate_mean": 0.39808750531311526
    },
    "O1": {
      "re_com_rate": 0.8109756097560976,
      "re_exe_rate": 0.14634146341463414,
      "pass_rate_mean": 0.3098633666469033
    },
    "O2": {
      "re_com_rate": 0.8353658536585366,
      "re_exe_rate": 0.2073170731707317,
      "pass_rate_mean": 0.3459663050364271
    },
    "O3": {
      "re_com_rate": 0.7987804878048781,
      "re_exe_rate": 0.15853658536585366,
      "pass_rate_mean": 0.31076573325048934
    }
  },
  "nova_6.7b_tem_2_top_p_0_95_outputResult": {
    "O0": {
      "re_com_rate": 0.8841463414634146,
      "re_exe_rate": 0.49390243902439024,
      "pass_rate_mean": 0.5741029718926062
    },
    "O1": {
      "re_com_rate": 0.8780487804878049,
      "re_exe_rate": 0.2804878048780488,
      "pass_rate_mean": 0.42285752865021164
    },
    "O2": {
      "re_com_rate": 0.8292682926829268,
      "re_exe_rate": 0.3231707317073171,
      "pass_rate_mean": 0.43357305180556155
    },
    "O3": {
      "re_com_rate": 0.8353658536585366,
      "re_exe_rate": 0.2682926829268293,
      "pass_rate_mean": 0.38697188562400386
    }
  },
  "o1-mini_outputResult": {
    "O0": {
      "re_com_rate": 0.8414634146341463,
      "re_exe_rate": 0.27439024390243905,
      "pass_rate_mean": 0.43766257455281854
    },
    "O1": {
      "re_com_rate": 0.7926829268292683,
      "re_exe_rate": 0.1524390243902439,
      "pass_rate_mean": 0.3076225603664629
    },
    "O2": {
      "re_com_rate": 0.7804878048780488,
      "re_exe_rate": 0.17073170731707318,
      "pass_rate_mean": 0.32615211685333645
    },
    "O3": {
      "re_com_rate": 0.7195121951219512,
      "re_exe_rate": 0.13414634146341464,
      "pass_rate_mean": 0.27796770472075355
    }
  },
  "RetDec_outputResult": {
    "O0": {
      "re_com_rate": 0.9207317073170732,
      "re_exe_rate": 0.40853658536585363,
      "pass_rate_mean": 0.49977891349842574
    },
    "O1": {
      "re_com_rate": 0.9329268292682927,
      "re_exe_rate": 0.40853658536585363,
      "pass_rate_mean": 0.5007462219352462
    },
    "O2": {
      "re_com_rate": 0.6524390243902439,
      "re_exe_rate": 0.2804878048780488,
      "pass_rate_mean": 0.3441077723089918
    },
    "O3": {
      "re_com_rate": 0.6585365853658537,
      "re_exe_rate": 0.21951219512195122,
      "pass_rate_mean": 0.2731992093272581
    }
  },
  "Claude_35_sonnet_outputResult": {
    "O0": {
      "re_com_rate": 0.9634146341463414,
      "re_exe_rate": 0.6890243902439024,
      "pass_rate_mean": 0.769592924013656
    },
    "O1": {
      "re_com_rate": 0.9817073170731707,
      "re_exe_rate": 0.4451219512195122,
      "pass_rate_mean": 0.5977155043466018
    },
    "O2": {
      "re_com_rate": 0.9451219512195121,
      "re_exe_rate": 0.4451219512195122,
      "pass_rate_mean": 0.5948538453416504
    },
    "O3": {
      "re_com_rate": 0.9512195121951219,
      "re_exe_rate": 0.43902439024390244,
      "pass_rate_mean": 0.5902437129266398
    }
  },
  "SccDec_outputResult": {
    "O2": {
      "re_com_rate": 0.92660975609756098,
      "re_exe_rate": 0.432682926829268296,
      "pass_rate_mean": 0.50608771106941839
    },
    "O3": {
      "re_com_rate": 0.93902439024390244,
      "re_exe_rate": 0.426585365853658534,
      "pass_rate_mean": 0.41307926829268296
    },
    "O0": {
      "re_com_rate": 0.9207804878048781,
      "re_exe_rate": 0.66534146341463414,
      "pass_rate_mean": 0.757185774929677
    },
    "O1": {
      "re_com_rate": 0.9271951219512195,
      "re_exe_rate": 0.46997560975609756,
      "pass_rate_mean": 0.71610696163592505
    }
  },
  "Angr_outputResult": {
    "O2": {
      "re_com_rate": 0.22560975609756098,
      "re_exe_rate": 0.042682926829268296,
      "pass_rate_mean": 0.05908771106941839
    },
    "O3": {
      "re_com_rate": 0.18902439024390244,
      "re_exe_rate": 0.036585365853658534,
      "pass_rate_mean": 0.058307926829268296
    },
    "O0": {
      "re_com_rate": 0.5487804878048781,
      "re_exe_rate": 0.14634146341463414,
      "pass_rate_mean": 0.20447185774929677
    },
    "O1": {
      "re_com_rate": 0.2621951219512195,
      "re_exe_rate": 0.06097560975609756,
      "pass_rate_mean": 0.0810696163592505
    }
  }
}
